,patient_assignment,mean,std
0,C1,-4.2230263,0.0119921835
1,C2,-4.789192,0.020323116
2,C3,-5.0695834,0.010059404
3,C4,-4.4756646,0.011749846
4,C5,-4.450617,0.010970456
5,C6,-4.540311,0.00941321
6,C7,-4.1800294,0.009148275
7,C8,-4.6934476,0.012092688
8,C9,-3.6058211,0.010600198
9,U1,-5.1295776,0.01056675
10,U2,-3.6317964,0.008865466
11,U3,-5.2677007,0.011058805
12,U4,-5.210827,0.012625312
13,U5,-4.245841,0.010062172
14,U6,-4.168695,0.009508486
15,U7,-5.2400184,0.01120786
