,patient_assignment,mean,std
0,C1,-5.2438293,0.23651344
1,C2,-4.4906063,0.015734961
2,C3,-4.669855,0.010384212
3,C4,-3.7629805,0.009869502
4,C5,-4.2064767,0.01985256
5,C6,-4.285886,0.013881936
6,C7,-3.6774015,0.012316642
7,C8,-3.6633022,0.01098333
8,C9,-4.351374,0.010022089
9,U1,-3.2341778,0.010229061
10,U2,-3.6268213,0.010097201
11,U3,-5.0153155,0.01349166
12,U4,-4.6234126,0.010268397
13,U5,-5.3085256,0.014065271
14,U6,-4.8725023,0.010778601
15,U7,-5.146778,0.015448985
