patient_assignment,mean
C1,-0.15607555485083588
C2,0.051672350202150774
C3,-0.1209559441623446
C4,0.2595229957991729
C5,0.3415160190007921
C6,0.23845635773517082
C7,-0.25523830416860344
C8,-0.3007788745118912
C9,-0.04831865882026363
U1,0.11252112671662823
U2,-0.17929129846715638
U3,0.0021934213406911477
U4,-0.002385965509218281
U5,-0.18213729719111124
U6,0.2922964773372222
U7,-0.03989611313639371
