,patient_assignment,mean,std
0,C1,-3.2932456,0.015068203
1,C2,-4.9318223,0.0164621
2,C3,-4.260331,0.008966758
3,C4,-4.8840957,0.013263798
4,C5,-4.450731,0.010236222
5,C6,-4.272966,0.010387873
6,C7,-5.4775863,0.014986166
7,C8,-5.6046157,0.012459604
8,C9,-5.207614,0.010982357
9,U1,-4.2302785,0.01815211
10,U2,-3.44354,0.0091413325
11,U3,-3.9780345,0.009467236
12,U4,-3.759359,0.01098206
13,U5,-4.4892573,0.025073593
14,U6,-4.055991,0.018980872
15,U7,-4.216966,0.012512897
