,patient_assignment,mean,std
0,C1,-3.405423,0.010741963
1,C2,-4.701303,0.0112820165
2,C3,-3.4418707,0.010082597
3,C4,-3.986102,0.008349452
4,C5,-4.3148575,0.012072403
5,C6,-3.3685322,0.009572089
6,C7,-3.8057122,0.011281658
7,C8,-5.8398037,0.016709894
8,C9,-4.7656126,0.02311746
9,U1,-4.4047117,0.009761737
10,U2,-5.603458,0.019153787
11,U3,-5.0062914,0.012827318
12,U4,-4.4437885,0.012012641
13,U5,-3.9989858,0.0099196425
14,U6,-4.4550295,0.010430307
15,U7,-4.0628915,0.010233911
